{
    "type": "filament",
    "filament_id": "GFB99",
    "setting_id": "GFSA04",
    "name": "QIDI ASA-Aero@X4",
    "from": "system",
    "instantiation": "false",
    "inherits": "fdm_filament_common",
    "chamber_temperatures": ["60"],
    "close_fan_the_first_x_layers": ["3"],
    "during_print_exhaust_fan_speed": ["0"],
    "enable_overhang_bridge_fan": ["1"],
    "fan_cooling_layer_time": ["40"],
    "fan_max_speed": ["50"],
    "fan_min_speed": ["10"],
    "filament_density": ["1.03"],
    "filament_flow_ratio": ["0.7"],
    "filament_max_volumetric_speed": ["16"],
    "filament_retract_when_changing_layer": ["0"],
    "filament_retraction_length": ["0.01"],
    "filament_retraction_minimum_travel": ["0"],
    "filament_type": ["ASA-Aero"],
    "filament_wipe": ["0"],
    "filament_z_hop": ["0"],
    "nozzle_temperature_initial_layer": ["250"],
    "nozzle_temperature_range_high": ["280"],
    "nozzle_temperature_range_low": ["240"],
    "nozzle_temperature": ["260"],
    "overhang_fan_speed": ["80"],
    "overhang_fan_threshold": ["25%"],
    "pressure_advance": ["0.021"],
    "slow_down_layer_time": ["4"],
    "temperature_vitrification": ["100"],
    "textured_plate_temp_initial_layer" : ["90"],
    "textured_plate_temp" : ["90"],
	"compatible_printers": []
}
