{
    "type": "filament",
    "filament_id": "GFN98",
    "setting_id": "GFSN99",
    "name": "QIDI PPS-CF@X4",
    "from": "system",
    "instantiation": "false",
    "inherits": "fdm_filament_common",
    "chamber_temperatures": ["60"],
    "close_fan_the_first_x_layers": ["3"],
    "enable_overhang_bridge_fan": ["1"],
    "fan_cooling_layer_time": ["5"],
    "fan_max_speed": ["30"],
    "fan_min_speed": ["0"],
    "filament_density": ["1.26"],
    "filament_flow_ratio": ["0.97"],
    "filament_max_volumetric_speed": ["6"],
    "filament_type": ["PPS-CF"],
    "nozzle_temperature_initial_layer": ["320"],
    "nozzle_temperature_range_high": ["350"],
    "nozzle_temperature_range_low": ["300"],
    "nozzle_temperature": ["320"],
    "overhang_fan_speed": ["40"],
    "overhang_fan_threshold": ["0%"],
    "pressure_advance": ["0.032"],
    "slow_down_layer_time": ["2"],
    "temperature_vitrification": ["180"],
    "textured_plate_temp_initial_layer" : ["110"],
    "textured_plate_temp" : ["110"],
    "compatible_printers": []
}
