{
    "type": "filament",
    "filament_id": "GFB99",
    "setting_id": "GFSA04",
    "name": "QIDI PC-ABS-FR@X4",
    "from": "system",
    "instantiation": "false",
    "inherits": "fdm_filament_common",
    "chamber_temperatures": ["55"],
    "close_fan_the_first_x_layers": ["3"],
    "during_print_exhaust_fan_speed": ["0"],
    "enable_overhang_bridge_fan": ["1"],
    "fan_cooling_layer_time": ["30"],
    "fan_max_speed": ["40"],
    "fan_min_speed": ["10"],
    "filament_density": ["1.19"],
    "filament_flow_ratio": ["0.92"],
    "filament_max_volumetric_speed": ["8"],
    "filament_type": ["PC-ABS-FR"],
    "nozzle_temperature_initial_layer": ["250"],
    "nozzle_temperature_range_high": ["280"],
    "nozzle_temperature_range_low": ["240"],
    "nozzle_temperature": ["250"],
    "overhang_fan_speed": ["90"],
    "overhang_fan_threshold": ["75%"],
    "pressure_advance": ["0.082"],
    "slow_down_layer_time": ["4"],
    "temperature_vitrification": ["100"],
    "textured_plate_temp_initial_layer" : ["100"],
    "textured_plate_temp" : ["100"],
	"compatible_printers": []
}
