{
    "type": "machine",
    "setting_id": "GM008",
    "name": "X-Plus 4 0.6 nozzle",
    "from": "system",
    "instantiation": "true",
    "inherits": "X-Plus 4 0.4 nozzle",
    "printer_model": "X-Plus 4",
    "printer_variant": "0.6",
    "default_filament_profile": ["QIDI PLA Rapido @Qidi X-Plus 4 0.6 nozzle"],
    "default_print_profile": "0.30mm Standard @XPlus4 0.6 nozzle",
    "max_layer_height": ["0.42"],
    "min_layer_height": ["0.12"],
    "nozzle_diameter": ["0.6"],
    "retraction_length": ["1.4"],
    "retraction_minimum_travel": ["3"]
}