{
    "type": "machine",
    "setting_id": "GM008",
    "name": "X-Plus 4 0.2 nozzle",
    "from": "system",
    "instantiation": "true",
    "inherits": "X-Plus 4 0.4 nozzle",
    "printer_model": "X-Plus 4",
    "printer_variant": "0.2",
    "default_filament_profile": ["QIDI PLA Rapido 0.2 nozzle;QIDI PETG Tough 0.2 nozzle;QIDI ABS Rapido 0.2 nozzle;QIDI ABS Odorless 0.2 nozzle"],
    "default_print_profile": "0.10mm Standard @XPlus4 0.2 nozzle",
    "max_layer_height": ["0.14"],
    "min_layer_height": ["0.04"],
    "nozzle_diameter": ["0.2"],
    "retraction_length": ["0.4"]
}