{
    "type": "process",
    "setting_id": "GP004",
    "name": "0.16mm High Quality @XPlus4",
	"from": "system",
	"instantiation": "true",
	"inherits": "fdm_process_common",
    "bottom_shell_layers": "4",
    "bridge_flow": "1",
    "default_acceleration": "4000",
    "elefant_foot_compensation": "0.15",
    "gap_infill_speed": "250",
    "initial_layer_infill_speed": "105",
    "initial_layer_speed": "50",
    "inner_wall_speed": "150",
    "internal_solid_infill_speed": "200",
    "layer_height": "0.16",
    "outer_wall_acceleration": "2000",
    "outer_wall_speed": "60",
    "overhang_1_4_speed": "60",
    "overhang_2_4_speed": "30",
    "overhang_3_4_speed": "10",
    "sparse_infill_pattern": "gyroid",
    "sparse_infill_speed": "200",
    "support_bottom_z_distance": "0.16",
    "support_threshold_angle": "25",
    "support_top_z_distance": "0.16",
    "top_shell_layers": "6",
    "top_shell_thickness": "1.0",
    "top_surface_speed": "150",
    "compatible_printers": ["X-Plus 4 0.4 nozzle"]
}
