{
  "type": "process",
  "setting_id": "GP032",
  "name": "0.24mm Standard @XPlus4 0.8 nozzle",
  "from": "system",
  "instantiation": "true",
  "inherits": "fdm_process_common",
  "bottom_shell_layers": "3",
  "bridge_flow": "1",
  "bridge_speed": "30",
  "elefant_foot_compensation": "0.15",
  "gap_infill_speed": "50",
  "initial_layer_infill_speed": "55",
  "initial_layer_line_width": "0.82",
  "initial_layer_print_height": "0.4",
  "initial_layer_speed": "35",
  "inner_wall_line_width": "0.82",
  "inner_wall_speed": "150",
  "internal_solid_infill_line_width": "0.82",
  "internal_solid_infill_speed": "150",
  "layer_height": "0.24",
  "line_width": "0.82",
  "outer_wall_line_width": "0.82",
  "outer_wall_speed": "120",
  "overhang_1_4_speed": "0",
  "overhang_2_4_speed": "50",
  "overhang_3_4_speed": "25",
  "overhang_4_4_speed": "5",
  "sparse_infill_line_width": "0.82",
  "sparse_infill_speed": "100",
  "support_line_width": "0.82",
  "top_shell_layers": "3",
  "top_surface_line_width": "0.82",
  "top_surface_pattern": "monotonic",
  "top_surface_speed": "150",
  "wall_loops": "2",
  "compatible_printers": ["X-Plus 4 0.8 nozzle"]
}
