{
	"type": "process",
	"setting_id": "GP004",
	"name": "0.24mm Draft @XPlus4",
	"from": "system",
	"inherits": "fdm_process_common",
	"instantiation": "true",
    "bridge_flow": "1",
    "elefant_foot_compensation": "0.15",
    "gap_infill_speed": "230",
    "initial_layer_infill_speed": "105",
    "initial_layer_speed": "50",
    "inner_wall_speed": "230",
    "internal_solid_infill_speed": "230",
	"layer_height": "0.24",
    "outer_wall_speed": "200",
    "sparse_infill_speed": "230",
    "support_threshold_angle": "35",
    "top_shell_layers": "4",
    "top_shell_thickness": "1.0",
    "top_surface_line_width": "0.45",
	"compatible_printers": ["X-Plus 4 0.4 nozzle"]
}