{
    "type": "process",
    "setting_id": "GP010",
    "name": "0.30mm Standard @XPlus4 0.6 nozzle",
    "from": "system",
    "instantiation": "true",
    "inherits": "fdm_process_common",
    "bridge_flow": "1",
    "bridge_speed": "30",
    "elefant_foot_compensation": "0.15",
    "initial_layer_infill_speed": "55",
    "initial_layer_line_width": "0.62",
    "initial_layer_print_height": "0.3",
    "initial_layer_speed": "35",
    "inner_wall_line_width": "0.62",
    "internal_solid_infill_line_width": "0.62",
    "layer_height": "0.3",
    "line_width": "0.62",
    "outer_wall_line_width": "0.62",
    "overhang_3_4_speed": "15",
    "sparse_infill_line_width": "0.62",
    "sparse_infill_speed": "100",
    "support_line_width": "0.62",
    "top_surface_line_width": "0.62",
    "top_surface_speed": "150",
    "compatible_printers": ["X-Plus 4 0.6 nozzle"]
}
