{
    "type": "filament",
    "name": "fdm_filament_common",
    "from": "system",
    "instantiation": "false",
    "activate_air_filtration": ["1"],
    "additional_cooling_fan_speed_unseal": ["0"],
    "additional_cooling_fan_speed": ["0"],
    "bed_type": ["Cool Plate"],
    "chamber_temperatures": ["0"],
    "close_fan_the_first_x_layers": ["1"],
    "complete_print_exhaust_fan_speed" : ["0"],
    "cool_plate_temp_initial_layer" : ["60"],
    "cool_plate_temp" : ["60"],
    "dont_slow_down_outer_wall" : ["1"],
    "during_print_exhaust_fan_speed": ["100"],
    "enable_overhang_bridge_fan": ["0"],
    "enable_pressure_advance": ["1"],
    "eng_plate_temp_initial_layer" : ["60"],
    "eng_plate_temp" : ["60"],
    "fan_cooling_layer_time": ["60"],
    "fan_max_speed": ["100"],
    "fan_min_speed": ["100"],
    "filament_cost": ["0"],
    "filament_density": ["1.24"],
    "filament_deretraction_speed": ["nil"],
    "filament_diameter": ["1.75"],
    "filament_end_gcode": ["; Filament-specific end gcode \n;END gcode for filament"],
    "filament_flow_ratio": ["0.98"],
    "filament_max_volumetric_speed": ["24.5"],
    "filament_minimal_purge_on_wipe_tower": ["15"],
    "filament_retract_before_wipe": ["nil"],
    "filament_retract_restart_extra": ["nil"],
    "filament_retract_when_changing_layer": ["nil"],
    "filament_retraction_length": ["nil"],
    "filament_retraction_minimum_travel": ["nil"],
    "filament_retraction_speed": ["nil"],
    "filament_settings_id": [""],
    "filament_soluble": ["0"],
    "filament_start_gcode": ["; Filament start gcode"],
    "filament_type": ["PLA"],
    "filament_vendor": ["QIDI"],
    "filament_wipe_distance": ["nil"],
    "filament_wipe": ["nil"],
    "filament_z_hop_types": ["nil"],
    "filament_z_hop": ["nil"],
    "full_fan_speed_layer": ["0"],
    "nozzle_temperature_initial_layer": ["210"],
    "nozzle_temperature": ["210"],
    "overhang_fan_speed": ["100"],
    "overhang_fan_threshold": ["95%"],
    "pressure_advance": ["0.042"],
    "reduce_fan_stop_start_freq": ["1"],
    "slow_down_for_layer_cooling": ["1"],
    "slow_down_layer_time": ["8"],
    "slow_down_min_speed": ["20"],
    "temperature_vitrification": ["100"],
    "textured_plate_temp_initial_layer" : ["60"],
    "textured_plate_temp" : ["60"]
}
