{
	"type": "filament",
	"filament_id": "GFA05",
	"setting_id": "GFSL99_01",
	"name": "Generic PLA Silk@X4",
	"from": "system",
	"instantiation": "false",
	"inherits": "fdm_filament_common",
    "filament_density": ["1.2"],
    "filament_max_volumetric_speed": ["7.5"],
    "filament_retraction_length": ["0.5"],
    "filament_type": ["PLA"],
    "filament_vendor": ["Generic"],
    "nozzle_temperature_initial_layer": ["220"],
    "nozzle_temperature_range_high": ["240"],
    "nozzle_temperature_range_low": ["190"],
    "nozzle_temperature": ["220"],
    "pressure_advance": ["0.032"],
    "temperature_vitrification": ["45"],
    "textured_plate_temp_initial_layer" : ["55"],
    "textured_plate_temp" : ["55"],
	"compatible_printers": []
}