{
    "type": "filament",
    "filament_id": "GFU99",
    "setting_id": "GFSR99",
    "name": "Generic TPU 95A@X4",
    "from": "system",
    "instantiation": "false",
    "inherits": "fdm_filament_common",
    "filament_density": ["1.21"],
    "filament_flow_ratio": ["1"],
    "filament_max_volumetric_speed": ["4"],
    "filament_type": ["TPU"],
    "filament_vendor": ["Generic"],
    "nozzle_temperature_initial_layer": ["230"],
    "nozzle_temperature_range_high": ["250"],
    "nozzle_temperature_range_low": ["200"],
    "nozzle_temperature": ["230"],
    "pressure_advance": ["0.1"],
    "temperature_vitrification": ["30"],
	"compatible_printers": []
}
