{
    "type": "filament",
    "filament_id": "GFN98",
    "setting_id": "GFSN99",
    "name": "QIDI PA12-CF@X4",
    "from": "system",
    "instantiation": "false",
    "inherits": "fdm_filament_common",
    "close_fan_the_first_x_layers": ["3"],
    "enable_overhang_bridge_fan": ["1"],
    "fan_cooling_layer_time": ["10"],
    "fan_max_speed": ["40"],
    "fan_min_speed": ["20"],
    "filament_density": ["1.09"],
    "filament_flow_ratio": ["0.96"],
    "filament_max_volumetric_speed": ["13"],
    "filament_type": ["PA12-CF"],
    "nozzle_temperature_initial_layer": ["280"],
    "nozzle_temperature_range_high": ["280"],
    "nozzle_temperature_range_low": ["240"],
    "nozzle_temperature": ["280"],
    "overhang_fan_speed": ["40"],
    "overhang_fan_threshold": ["0%"],
    "pressure_advance": ["0.035"],
    "slow_down_layer_time": ["5"],
    "temperature_vitrification": ["100"],
    "textured_plate_temp_initial_layer" : ["80"],
    "textured_plate_temp" : ["80"],
    "compatible_printers": []
}
