{
	"type": "filament",
	"filament_id": "GFL98",
	"setting_id": "GFSL98",
	"name": "QIDI PLA-CF@X4",
	"from": "system",
	"instantiation": "false",
	"inherits": "fdm_filament_common",
	"enable_overhang_bridge_fan": ["1"],
	"filament_density": ["1.25"],
	"filament_flow_ratio": ["0.93"],
	"filament_max_volumetric_speed": ["15"],
	"filament_type": ["PLA-CF"],
	"nozzle_temperature_initial_layer": ["220"],
	"nozzle_temperature_range_high": ["250"],
    "nozzle_temperature_range_low": ["210"],
    "nozzle_temperature": ["220"],
    "overhang_fan_speed": ["100"],
    "overhang_fan_threshold": ["50%"],
	"pressure_advance": ["0.042"],
	"temperature_vitrification": ["45"],
	"compatible_printers": []
}