{
    "type": "filament",
	"filament_id": "GFG99",
    "setting_id": "GFSG99",
    "name": "QIDI PETG Tough@X4",
    "from": "system",
    "instantiation": "false",
    "inherits": "fdm_filament_common",
    "close_fan_the_first_x_layers": ["3"],
    "enable_overhang_bridge_fan": ["1"],
    "fan_cooling_layer_time": ["30"],
    "fan_max_speed": ["40"],
    "fan_min_speed": ["10"],
    "filament_flow_ratio": ["0.95"],
    "filament_max_volumetric_speed": ["13"],
    "filament_type": ["PETG"],
    "nozzle_temperature_initial_layer": ["240"],
    "nozzle_temperature_range_high": ["270"],
    "nozzle_temperature_range_low": ["220"],
    "nozzle_temperature": ["250"],
    "overhang_fan_speed": ["90"],
    "overhang_fan_threshold": ["10%"],
    "pressure_advance": ["0.086"],
    "slow_down_layer_time": ["8"],
    "temperature_vitrification": ["70"],
    "textured_plate_temp_initial_layer" : ["80"],
    "textured_plate_temp" : ["80"],
	"compatible_printers": []
}
