{
    "type": "filament",
    "filament_id": "GFN99",
    "setting_id": "GFSN98",
    "name": "QIDI UltraPA@X4",
    "from": "system",
    "instantiation": "false",
    "inherits": "fdm_filament_common",
    "fan_max_speed": ["40"],
    "fan_min_speed": ["20"],
    "filament_density": ["1.21"],
    "filament_flow_ratio": ["0.96"],
    "filament_max_volumetric_speed": ["4"],
    "filament_type": ["UltraPA"],
    "nozzle_temperature_initial_layer": ["280"],
    "nozzle_temperature_range_high": ["290"],
    "nozzle_temperature_range_low": ["250"],
    "nozzle_temperature": ["280"],
    "pressure_advance": ["0.03"],
    "slow_down_layer_time": ["15"],
    "temperature_vitrification": ["170"],
    "textured_plate_temp_initial_layer" : ["80"],
    "textured_plate_temp" : ["80"],
	"compatible_printers": []
}
