{
    "type": "filament",
	"filament_id": "GFL99",
    "setting_id": "GFSL99",
    "name": "QIDI PLA Rapido Matte@X4",
    "from": "system",
    "instantiation": "false",
    "inherits": "fdm_filament_common",
    "filament_density": ["1.42"],
    "filament_type": ["PLA"],
    "nozzle_temperature_range_high": ["240"],
    "nozzle_temperature_range_low": ["190"],
    "nozzle_temperature_initial_layer": ["200"],
    "nozzle_temperature": ["200"],
    "temperature_vitrification": ["45"],
	"compatible_printers": []
}
