{
    "type": "machine",
    "setting_id": "GM008",
    "name": "X-Plus 4 0.8 nozzle",
    "from": "system",
    "instantiation": "true",
    "inherits": "X-Plus 4 0.4 nozzle",
    "printer_model": "X-Plus 4",
    "printer_variant": "0.8",
    "default_filament_profile": ["Generic PLA @Qidi X-Plus 4 0.8 nozzle"],
    "default_print_profile": "0.40mm Standard @XPlus4 0.8 nozzle",
    "max_layer_height": ["0.56"],
    "min_layer_height": ["0.16"],
    "nozzle_diameter": ["0.8"],
    "retraction_length": ["3"]
}